age,gender,height_cm,weight_kg,activity_level,activity_level_encoded,calorie_needs,protein_g,fat_g,carb_g
56,0,172,81,light,1.375,1985.5,99.275,66.18333333333334,248.1875
46,1,175,80,active,1.725,2878.59375,143.9296875,95.953125,359.82421875
32,1,183,65,sedentary,1.2,1966.5,98.325,65.55,245.8125
60,1,195,81,moderate,1.55,2687.3125,134.365625,89.57708333333333,335.9140625
25,0,183,81,moderate,1.55,2585.0125000000003,129.250625,86.16708333333334,323.12656250000003
38,0,178,83,light,1.375,2188.3125,109.415625,72.94375,273.5390625
56,0,153,60,active,1.725,1923.80625,96.1903125,64.126875,240.47578125
36,0,166,59,active,1.725,2219.2125,110.96062500000001,73.97375,277.4015625
40,0,184,64,active,1.725,2465.025,123.25125000000001,82.1675,308.128125
28,0,162,66,light,1.375,1885.8125,94.290625,62.860416666666666,235.7265625
28,0,190,89,active,1.725,3064.4625,153.223125,102.14875,383.0578125
41,0,188,67,moderate,1.55,2292.4500000000003,114.62250000000002,76.415,286.55625000000003
53,1,164,58,sedentary,1.2,1614.0,80.7,53.8,201.75
57,1,178,74,moderate,1.55,2437.375,121.86875,81.24583333333334,304.671875
41,0,178,89,moderate,1.55,2536.5750000000003,126.82875000000001,84.55250000000001,317.07187500000003
20,0,160,63,sedentary,1.2,1642.8,82.14,54.76,205.35
39,1,181,74,moderate,1.55,2605.9375,130.296875,86.86458333333333,325.7421875
19,0,151,99,light,1.375,2306.90625,115.3453125,76.896875,288.36328125
41,0,196,71,sedentary,1.2,1882.8,94.14,62.75999999999999,235.35
61,0,163,79,moderate,1.55,2081.2625000000003,104.06312500000001,69.37541666666668,260.15781250000003
47,1,169,69,very_active,1.9,2880.875,144.04375000000002,96.02916666666665,360.109375
55,1,171,70,moderate,1.55,2323.0625,116.153125,77.43541666666665,290.3828125
19,1,160,93,light,1.375,2530.0,126.5,84.33333333333333,316.25
38,1,176,81,active,1.725,2975.625,148.78125,99.1875,371.953125
50,1,152,95,moderate,1.55,2565.25,128.26250000000002,85.50833333333333,320.65625
29,0,166,98,active,1.725,2952.3375,147.61687500000002,98.41125,369.0421875
39,1,193,70,very_active,1.9,3260.875,163.04375000000002,108.69583333333333,407.609375
61,0,177,84,moderate,1.55,2294.3875000000003,114.71937500000001,76.47958333333334,286.79843750000003
42,0,178,81,sedentary,1.2,1861.8,93.09,62.059999999999995,232.725
44,1,170,79,active,1.725,2824.6875,141.234375,94.15625,353.0859375
59,1,196,88,very_active,1.9,3448.5,172.425,114.94999999999999,431.0625
45,0,165,98,sedentary,1.2,1950.3,97.515,65.00999999999999,243.7875
33,0,186,61,sedentary,1.2,1735.8,86.79,57.86,216.975
32,0,169,90,sedentary,1.2,1962.3,98.11500000000001,65.41,245.2875
64,1,155,96,sedentary,1.2,1936.5,96.825,64.55,242.0625
61,1,168,67,moderate,1.55,2201.0,110.05000000000001,73.36666666666666,275.125
20,1,154,70,moderate,1.55,2429.625,121.48125,80.9875,303.703125
54,1,152,62,moderate,1.55,2022.75,101.1375,67.425,252.84375
24,1,150,70,very_active,1.9,2892.75,144.63750000000002,96.425,361.59375
38,0,187,57,very_active,1.9,2636.725,131.83625,87.89083333333332,329.590625
26,1,164,95,very_active,1.9,3515.0,175.75,117.16666666666667,439.375
56,0,183,89,light,1.375,2190.03125,109.5015625,73.00104166666667,273.75390625
35,0,184,95,very_active,1.9,3351.6,167.58,111.71999999999998,418.95
21,0,198,56,moderate,1.55,2373.8250000000003,118.69125000000003,79.1275,296.72812500000003
42,1,174,72,moderate,1.55,2483.875,124.19375000000001,82.79583333333333,310.484375
31,1,173,93,light,1.375,2559.21875,127.9609375,85.30729166666667,319.90234375
26,1,161,81,light,1.375,2325.46875,116.2734375,77.515625,290.68359375
43,0,167,60,very_active,1.9,2408.725,120.43625,80.29083333333332,301.090625
19,0,164,71,active,1.725,2551.275,127.56375000000001,85.0425,318.909375
37,0,193,71,light,1.375,2159.09375,107.9546875,71.96979166666667,269.88671875
45,0,165,92,sedentary,1.2,1878.3,93.915,62.61,234.7875
64,0,176,74,moderate,1.55,2106.4500000000003,105.32250000000002,70.215,263.30625000000003
24,0,157,71,sedentary,1.2,1692.3,84.61500000000001,56.41,211.5375
61,1,195,77,moderate,1.55,2617.5625,130.878125,87.25208333333333,327.1953125
25,1,174,78,moderate,1.55,2708.625,135.43125,90.2875,338.578125
64,1,166,62,light,1.375,1845.9375,92.296875,61.53125,230.7421875
52,1,178,67,light,1.375,2100.3125,105.015625,70.01041666666667,262.5390625
31,0,157,51,sedentary,1.2,1410.3,70.515,47.01,176.2875
34,0,164,78,moderate,1.55,2284.7000000000003,114.23500000000001,76.15666666666668,285.58750000000003
53,1,176,70,sedentary,1.2,1848.0,92.4,61.599999999999994,231.0
57,0,195,64,active,1.725,2436.99375,121.84968750000002,81.233125,304.62421875
21,1,199,76,sedentary,1.2,2284.5,114.22500000000001,76.15,285.5625
19,1,156,99,very_active,1.9,3562.5,178.125,118.75,445.3125
23,1,152,80,sedentary,1.2,1968.0,98.4,65.6,246.0
59,0,178,64,very_active,1.9,2463.35,123.1675,82.11166666666666,307.91875
21,1,193,72,very_active,1.9,3469.875,173.49375,115.66249999999998,433.734375
46,1,173,73,very_active,1.9,3013.875,150.69375,100.4625,376.734375
35,1,152,93,active,1.725,2949.75,147.4875,98.32499999999999,368.71875
43,0,169,62,sedentary,1.2,1560.3,78.015,52.01,195.0375
61,0,195,71,sedentary,1.2,1755.3,87.765,58.50999999999999,219.4125
51,1,164,92,active,1.725,2923.875,146.19375,97.4625,365.484375
27,0,174,86,moderate,1.55,2559.8250000000003,127.99125000000002,85.32750000000001,319.97812500000003
53,0,179,82,light,1.375,2080.03125,104.0015625,69.334375,260.00390625
31,0,163,52,sedentary,1.2,1467.3,73.365,48.91,183.4125
48,0,156,68,light,1.375,1724.25,86.2125,57.474999999999994,215.53125
32,0,166,72,active,1.725,2477.9625,123.89812500000001,82.59875,309.7453125
25,0,193,78,moderate,1.55,2635.3875000000003,131.76937500000003,87.84625,329.42343750000003
31,0,169,79,moderate,1.55,2371.8875000000003,118.59437500000001,79.06291666666668,296.48593750000003
40,0,185,88,moderate,1.55,2596.6375000000003,129.83187500000003,86.55458333333334,324.57968750000003
57,0,158,93,active,1.725,2538.3375,126.916875,84.61125,317.2921875
38,0,187,96,very_active,1.9,3377.725,168.88625000000002,112.59083333333332,422.215625
33,1,197,74,very_active,1.9,3441.375,172.06875000000002,114.71249999999999,430.171875
62,1,171,86,light,1.375,2232.65625,111.6328125,74.421875,279.08203125
35,0,151,96,very_active,1.9,2978.725,148.93625,99.29083333333332,372.340625
64,1,173,57,very_active,1.9,2538.875,126.94375000000001,84.62916666666666,317.359375
41,1,157,91,moderate,1.55,2621.4375,131.071875,87.38125,327.6796875
43,0,160,65,moderate,1.55,1974.7,98.73500000000001,65.82333333333332,246.8375
42,0,162,57,light,1.375,1665.8125,83.290625,55.52708333333333,208.2265625
62,0,166,50,sedentary,1.2,1279.8,63.99,42.66,159.975
58,1,157,93,light,1.375,2236.09375,111.8046875,74.53645833333333,279.51171875
46,1,170,54,light,1.375,1894.0625,94.703125,63.135416666666664,236.7578125
32,0,167,52,active,1.725,2143.74375,107.18718750000001,71.458125,267.96796875
62,0,179,50,active,1.725,1979.86875,98.99343750000001,65.995625,247.48359375
18,0,167,53,light,1.375,1818.78125,90.9390625,60.626041666666666,227.34765625
42,1,195,89,light,1.375,2617.65625,130.8828125,87.25520833333333,327.20703125
24,1,196,84,light,1.375,2681.25,134.0625,89.375,335.15625
26,1,180,81,very_active,1.9,3439.0,171.95000000000002,114.63333333333334,429.875
41,1,187,91,active,1.725,3240.84375,162.0421875,108.02812499999999,405.10546875
18,0,181,83,light,1.375,2351.59375,117.5796875,78.38645833333334,293.94921875
61,0,160,92,moderate,1.55,2253.7000000000003,112.68500000000002,75.12333333333333,281.71250000000003
25,0,194,74,moderate,1.55,2583.0750000000003,129.15375000000003,86.1025,322.88437500000003
41,0,174,59,very_active,1.9,2491.85,124.5925,83.06166666666667,311.48125
28,1,182,70,very_active,1.9,3234.75,161.7375,107.82499999999999,404.34375
34,1,187,95,sedentary,1.2,2344.5,117.22500000000001,78.15,293.0625
25,0,190,88,sedentary,1.2,2137.7999999999997,106.88999999999999,71.25999999999999,267.22499999999997
52,0,157,76,sedentary,1.2,1584.3,79.215,52.809999999999995,198.0375
52,1,160,76,very_active,1.9,2859.5,142.975,95.31666666666666,357.4375
50,0,171,51,very_active,1.9,2218.725,110.93625,73.9575,277.340625
22,1,173,90,very_active,1.9,3564.875,178.24375,118.82916666666665,445.609375
59,0,190,97,moderate,1.55,2637.3250000000003,131.86625,87.91083333333334,329.66562500000003
56,0,166,62,very_active,1.9,2311.35,115.5675,77.045,288.91875
58,0,161,58,moderate,1.55,1759.6375,87.981875,58.654583333333335,219.9546875
45,0,195,85,sedentary,1.2,2019.3,100.965,67.31,252.4125
24,0,181,71,sedentary,1.2,1872.3,93.61500000000001,62.41,234.0375
26,0,164,91,sedentary,1.2,1972.8,98.64,65.75999999999999,246.6
25,0,165,75,light,1.375,2055.96875,102.7984375,68.53229166666667,256.99609375
29,1,171,61,light,1.375,2115.78125,105.7890625,70.52604166666667,264.47265625
51,1,177,66,active,1.725,2615.53125,130.7765625,87.18437499999999,326.94140625
50,1,169,63,active,1.725,2486.15625,124.30781250000001,82.87187499999999,310.76953125
40,1,182,63,active,1.725,2712.5625,135.628125,90.41874999999999,339.0703125
41,1,159,83,light,1.375,2232.65625,111.6328125,74.421875,279.08203125
54,0,189,69,light,1.375,1980.34375,99.0171875,66.01145833333334,247.54296875
52,0,181,60,active,1.725,2260.18125,113.00906250000001,75.339375,282.52265625
61,1,199,65,active,1.725,2749.21875,137.4609375,91.640625,343.65234375
57,0,182,80,very_active,1.9,2833.85,141.6925,94.46166666666666,354.23125
39,1,151,55,active,1.725,2248.96875,112.44843750000001,74.96562499999999,281.12109375
44,1,182,68,very_active,1.9,3044.75,152.2375,101.49166666666666,380.59375
52,0,182,86,moderate,1.55,2443.5750000000003,122.17875000000002,81.45250000000001,305.44687500000003
18,0,190,53,light,1.375,2016.4375,100.821875,67.21458333333334,252.0546875
52,0,162,96,active,1.725,2676.3375,133.816875,89.21125,334.5421875
54,1,179,53,light,1.375,1902.65625,95.1328125,63.421875,237.83203125
64,0,182,69,light,1.375,1851.4375,92.571875,61.71458333333333,231.4296875
31,1,162,59,light,1.375,1997.1875,99.859375,66.57291666666667,249.6484375
20,1,175,73,moderate,1.55,2679.5625,133.978125,89.31875,334.9453125
18,1,171,84,sedentary,1.2,2188.5,109.42500000000001,72.94999999999999,273.5625
22,0,188,75,active,1.725,2853.15,142.6575,95.105,356.64375
43,0,151,86,sedentary,1.2,1713.3,85.665,57.11,214.1625
31,1,187,87,sedentary,1.2,2266.5,113.325,75.55,283.3125
56,0,188,70,sedentary,1.2,1720.8,86.04,57.36,215.1
44,0,175,89,light,1.375,2203.78125,110.1890625,73.459375,275.47265625
26,0,195,88,very_active,1.9,3434.725,171.73625,114.49083333333334,429.340625
32,1,199,70,light,1.375,2459.53125,122.9765625,81.984375,307.44140625
32,1,164,59,light,1.375,2007.5,100.375,66.91666666666667,250.9375
43,0,183,87,sedentary,1.2,1965.3,98.265,65.50999999999999,245.6625
59,1,191,95,light,1.375,2548.90625,127.4453125,84.96354166666667,318.61328125
30,0,193,53,sedentary,1.2,1710.3,85.515,57.00999999999999,213.7875
49,0,198,94,very_active,1.9,3365.85,168.29250000000002,112.195,420.73125
56,0,189,69,active,1.725,2467.18125,123.35906250000001,82.239375,308.39765625
49,0,160,66,sedentary,1.2,1504.8,75.24,50.16,188.1
21,1,152,56,very_active,1.9,2679.0,133.95000000000002,89.3,334.875
47,1,155,53,active,1.725,2188.59375,109.4296875,72.953125,273.57421875
54,1,158,78,moderate,1.55,2328.875,116.44375000000001,77.62916666666666,291.109375
40,0,155,63,sedentary,1.2,1485.3,74.265,49.51,185.6625
56,0,158,52,sedentary,1.2,1279.8,63.99,42.66,159.975
62,0,188,73,moderate,1.55,2222.7000000000003,111.13500000000002,74.09,277.83750000000003
32,1,180,86,moderate,1.55,2836.5,141.82500000000002,94.55,354.5625
60,0,181,65,sedentary,1.2,1584.3,79.215,52.809999999999995,198.0375
46,1,190,53,moderate,1.55,2313.375,115.66875,77.1125,289.171875
53,1,199,73,light,1.375,2356.40625,117.8203125,78.546875,294.55078125
30,1,161,83,active,1.725,2917.40625,145.8703125,97.24687499999999,364.67578125
49,1,157,79,active,1.725,2641.40625,132.0703125,88.046875,330.17578125
24,1,157,67,active,1.725,2650.03125,132.5015625,88.334375,331.25390625
39,1,199,68,light,1.375,2383.90625,119.1953125,79.46354166666667,297.98828125
45,0,177,80,moderate,1.55,2356.3875000000003,117.81937500000002,78.54625000000001,294.54843750000003
19,0,169,68,very_active,1.9,2812.475,140.62375,93.74916666666667,351.559375
59,1,196,98,moderate,1.55,2968.25,148.4125,98.94166666666666,371.03125
62,1,156,95,sedentary,1.2,1944.0,97.2,64.8,243.0
23,0,160,68,active,1.725,2421.9,121.09500000000001,80.73,302.7375
45,1,169,71,moderate,1.55,2396.6875,119.83437500000001,79.88958333333333,299.5859375
45,1,165,73,very_active,1.9,2928.375,146.41875000000002,97.6125,366.046875
61,0,153,94,sedentary,1.2,1716.3,85.815,57.21,214.5375
61,1,155,61,light,1.375,1758.28125,87.9140625,58.609375,219.78515625
37,1,171,79,light,1.375,2308.28125,115.4140625,76.94270833333333,288.53515625
47,1,175,87,very_active,1.9,3294.125,164.70625,109.80416666666666,411.765625
28,0,152,80,sedentary,1.2,1738.8,86.94,57.96,217.35
45,0,190,85,active,1.725,2848.8375,142.441875,94.96125,356.1046875
42,0,191,68,moderate,1.55,2329.2625000000003,116.46312500000002,77.64208333333335,291.15781250000003
56,1,163,97,sedentary,1.2,2056.5,102.825,68.55,257.0625
50,1,160,94,light,1.375,2330.625,116.53125,77.6875,291.328125
18,0,167,85,very_active,1.9,3121.225,156.06125,104.04083333333332,390.153125
44,1,161,79,very_active,1.9,3004.375,150.21875,100.14583333333333,375.546875
30,1,172,98,moderate,1.55,2960.5,148.025,98.68333333333334,370.0625
58,1,161,82,very_active,1.9,2928.375,146.41875000000002,97.6125,366.046875
20,1,162,67,very_active,1.9,3016.25,150.8125,100.54166666666667,377.03125
56,1,174,98,sedentary,1.2,2151.0,107.55000000000001,71.69999999999999,268.875
23,0,194,77,active,1.725,2943.7125,147.18562500000002,98.12375,367.9640625
25,1,168,96,moderate,1.55,2929.5,146.475,97.65,366.1875
44,0,195,60,sedentary,1.2,1725.3,86.265,57.50999999999999,215.6625
26,1,185,94,active,1.725,3400.40625,170.02031250000002,113.346875,425.05078125
54,0,194,82,sedentary,1.2,1921.8,96.09,64.06,240.225
50,1,157,66,sedentary,1.2,1675.5,83.775,55.849999999999994,209.4375
59,0,178,55,very_active,1.9,2292.35,114.6175,76.41166666666666,286.54375
61,1,181,53,active,1.725,2348.15625,117.4078125,78.271875,293.51953125
41,0,193,69,moderate,1.55,2371.8875000000003,118.59437500000001,79.06291666666668,296.48593750000003
32,1,167,97,moderate,1.55,2881.0625,144.053125,96.03541666666666,360.1328125
49,0,155,96,active,1.725,2626.74375,131.3371875,87.558125,328.34296875
49,1,167,76,very_active,1.9,2971.125,148.55625,99.0375,371.390625
41,0,168,64,light,1.375,1820.5,91.025,60.68333333333333,227.5625
58,0,171,55,sedentary,1.2,1401.3,70.065,46.71,175.1625
29,1,186,96,very_active,1.9,3766.75,188.3375,125.55833333333332,470.84375
56,1,181,63,active,1.725,2563.78125,128.1890625,85.459375,320.47265625
19,0,190,60,sedentary,1.2,1837.8,91.89,61.25999999999999,229.725
20,1,152,88,moderate,1.55,2689.25,134.4625,89.64166666666667,336.15625
54,0,177,58,light,1.375,1725.96875,86.2984375,57.532291666666666,215.74609375
34,0,159,75,moderate,1.55,2189.7625000000003,109.48812500000003,72.99208333333334,273.72031250000003
19,0,184,65,active,1.725,2663.4,133.17000000000002,88.78,332.925
19,1,178,54,sedentary,1.2,1875.0,93.75,62.5,234.375
45,0,164,59,active,1.725,2120.025,106.00125000000001,70.6675,265.003125
40,0,182,99,sedentary,1.2,2119.7999999999997,105.99,70.66,264.97499999999997
54,1,156,52,very_active,1.9,2337.0,116.85000000000001,77.9,292.125
49,1,161,62,light,1.375,1906.09375,95.3046875,63.536458333333336,238.26171875
50,1,198,92,very_active,1.9,3633.75,181.6875,121.125,454.21875
18,1,179,98,very_active,1.9,3826.125,191.30625,127.53749999999998,478.265625
36,0,170,79,active,1.725,2607.3375,130.36687500000002,86.91125,325.9171875
19,0,180,94,light,1.375,2487.375,124.36875,82.9125,310.921875
61,0,173,55,sedentary,1.2,1398.3,69.915,46.60999999999999,174.7875
43,0,169,66,sedentary,1.2,1608.3,80.415,53.60999999999999,201.0375
49,1,186,94,moderate,1.55,2886.875,144.34375,96.22916666666667,360.859375
23,0,153,68,sedentary,1.2,1632.3,81.61500000000001,54.41,204.0375
49,0,177,91,active,1.725,2777.68125,138.8840625,92.589375,347.21015625
21,1,193,84,very_active,1.9,3697.875,184.89375,123.26249999999999,462.234375
28,0,169,95,very_active,1.9,3239.975,161.99875,107.99916666666667,404.996875
34,0,173,75,very_active,1.9,2850.475,142.52375,95.01583333333332,356.309375
55,0,199,54,light,1.375,1853.15625,92.6578125,61.771874999999994,231.64453125
41,0,198,78,sedentary,1.2,1981.8,99.09,66.06,247.725
22,0,181,86,active,1.725,2967.43125,148.3715625,98.914375,370.92890625
51,0,190,69,light,1.375,2009.5625,100.478125,66.98541666666667,251.1953125
23,1,185,98,moderate,1.55,3140.6875,157.034375,104.68958333333333,392.5859375
39,1,183,70,active,1.725,2852.71875,142.6359375,95.09062499999999,356.58984375
28,0,185,59,active,1.725,2493.05625,124.65281250000001,83.101875,311.63203125
33,0,151,54,active,1.725,1997.11875,99.85593750000001,66.570625,249.63984375
50,1,164,85,very_active,1.9,3097.0,154.85000000000002,103.23333333333332,387.125
26,0,183,55,active,1.725,2419.74375,120.9871875,80.658125,302.46796875
23,0,185,75,sedentary,1.2,1956.3,97.815,65.21,244.5375
33,0,155,53,active,1.725,2022.99375,101.14968750000001,67.433125,252.87421875
46,1,188,88,very_active,1.9,3477.0,173.85000000000002,115.89999999999999,434.625
20,0,191,88,active,1.725,3126.99375,156.34968750000002,104.233125,390.87421875
37,1,161,99,moderate,1.55,2815.1875,140.759375,93.83958333333334,351.8984375
53,0,152,84,moderate,1.55,2114.2000000000003,105.71000000000002,70.47333333333334,264.27500000000003
36,1,194,50,very_active,1.9,2921.25,146.0625,97.375,365.15625
43,1,167,73,sedentary,1.2,1876.5,93.825,62.54999999999999,234.5625
20,0,189,85,sedentary,1.2,2124.2999999999997,106.21499999999999,70.80999999999999,265.53749999999997
36,1,170,55,light,1.375,1976.5625,98.828125,65.88541666666667,247.0703125
37,0,164,90,very_active,1.9,3000.1,150.005,100.00333333333333,375.0125
49,1,182,95,active,1.725,3186.9375,159.346875,106.23124999999999,398.3671875
24,0,184,93,very_active,1.9,3418.1,170.905,113.93666666666665,427.2625
58,0,175,80,light,1.375,1983.78125,99.1890625,66.12604166666667,247.97265625
50,1,157,69,very_active,1.9,2709.875,135.49375,90.32916666666667,338.734375
57,0,185,73,very_active,1.9,2736.475,136.82375,91.21583333333334,342.059375
56,0,197,74,light,1.375,2104.09375,105.2046875,70.13645833333334,263.01171875
35,1,179,85,sedentary,1.2,2158.5,107.92500000000001,71.94999999999999,269.8125
57,0,172,70,active,1.725,2292.525,114.62625000000001,76.4175,286.565625
18,0,191,79,light,1.375,2382.53125,119.1265625,79.41770833333334,297.81640625
28,1,193,73,moderate,1.55,2791.9375,139.596875,93.06458333333333,348.9921875
45,1,163,93,sedentary,1.2,2074.5,103.72500000000001,69.15,259.3125
42,0,163,91,moderate,1.55,2414.5125000000003,120.72562500000002,80.48375000000001,301.81406250000003
40,0,151,79,sedentary,1.2,1647.3,82.36500000000001,54.91,205.9125
48,1,186,71,active,1.725,2824.6875,141.234375,94.15625,353.0859375
47,1,154,77,active,1.725,2591.8125,129.59062500000002,86.39375,323.9765625
59,0,187,56,very_active,1.9,2418.225,120.91125,80.6075,302.278125
52,1,194,84,moderate,1.55,2786.125,139.30625,92.87083333333334,348.265625
24,0,190,77,sedentary,1.2,2011.8,100.59,67.06,251.475
33,0,196,63,active,1.725,2637.525,131.87625,87.9175,329.690625
43,0,163,59,light,1.375,1695.03125,84.7515625,56.501041666666666,211.87890625
19,0,188,65,active,1.725,2706.525,135.32625000000002,90.2175,338.315625
18,0,174,65,light,1.375,2043.9375,102.196875,68.13125,255.4921875
29,1,169,80,sedentary,1.2,2059.5,102.97500000000001,68.65,257.4375
22,1,151,91,active,1.725,3016.59375,150.8296875,100.553125,377.07421875
54,1,188,74,active,1.725,2846.25,142.3125,94.875,355.78125
49,1,155,62,sedentary,1.2,1618.5,80.92500000000001,53.949999999999996,202.3125
26,0,166,55,active,1.725,2236.4625,111.823125,74.54875,279.5578125
58,0,174,93,light,1.375,2153.9375,107.696875,71.79791666666667,269.2421875
52,0,177,58,active,1.725,2182.55625,109.1278125,72.751875,272.81953125
36,0,151,94,moderate,1.55,2391.2625000000003,119.56312500000001,79.70875000000001,298.90781250000003
33,1,184,85,very_active,1.9,3496.0,174.8,116.53333333333333,437.0
20,0,186,92,light,1.375,2504.5625,125.228125,83.48541666666667,313.0703125
37,0,154,69,moderate,1.55,2025.075,101.25375000000001,67.5025,253.134375
41,1,150,67,sedentary,1.2,1689.0,84.45,56.3,211.125
50,1,189,92,light,1.375,2552.34375,127.6171875,85.078125,319.04296875
41,1,161,70,very_active,1.9,2861.875,143.09375,95.39583333333333,357.734375
28,1,185,53,very_active,1.9,2947.375,147.36875,98.24583333333334,368.421875
25,0,194,99,sedentary,1.2,2299.7999999999997,114.99,76.66,287.47499999999997
53,0,172,82,sedentary,1.2,1762.8,88.14,58.75999999999999,220.35
55,1,196,76,light,1.375,2358.125,117.90625,78.60416666666667,294.765625
57,0,180,56,active,1.725,2137.275,106.86375000000001,71.2425,267.159375
37,0,160,55,sedentary,1.2,1444.8,72.24,48.16,180.6
52,0,159,64,active,1.725,2091.99375,104.59968750000002,69.733125,261.49921875
42,1,152,67,moderate,1.55,2193.25,109.66250000000001,73.10833333333333,274.15625
52,0,163,81,very_active,1.9,2674.725,133.73625,89.15749999999998,334.340625
42,1,165,60,active,1.725,2460.28125,123.01406250000001,82.009375,307.53515625
46,0,159,69,very_active,1.9,2456.225,122.81125,81.87416666666667,307.028125
35,0,178,73,active,1.725,2598.7125,129.93562500000002,86.62375,324.8390625
63,0,159,64,moderate,1.55,1794.5125,89.72562500000001,59.81708333333333,224.3140625
35,1,161,97,sedentary,1.2,2167.5,108.375,72.25,270.9375
19,0,179,56,moderate,1.55,2205.2625000000003,110.26312500000002,73.50875,275.65781250000003
52,1,190,70,sedentary,1.2,1959.0,97.95,65.3,244.875
33,1,150,91,sedentary,1.2,2025.0,101.25,67.5,253.125
58,1,154,75,very_active,1.9,2712.25,135.6125,90.40833333333333,339.03125
53,0,169,93,moderate,1.55,2418.3875000000003,120.91937500000002,80.61291666666666,302.29843750000003
50,0,157,63,active,1.725,2070.43125,103.52156250000002,69.014375,258.80390625
21,0,192,86,moderate,1.55,2780.7000000000003,139.03500000000003,92.69,347.58750000000003
50,0,161,70,very_active,1.9,2460.975,123.04875,82.03249999999998,307.621875
31,1,150,67,sedentary,1.2,1749.0,87.45,58.29999999999999,218.625
38,1,169,54,very_active,1.9,2681.375,134.06875,89.37916666666666,335.171875
37,1,177,52,light,1.375,1988.59375,99.4296875,66.28645833333333,248.57421875
25,0,192,72,light,1.375,2246.75,112.3375,74.89166666666667,280.84375
24,1,186,75,active,1.725,3100.6875,155.034375,103.35624999999999,387.5859375
20,0,196,86,very_active,1.9,3465.6,173.28,115.51999999999998,433.2
34,1,186,73,active,1.725,2979.9375,148.99687500000002,99.33125,372.4921875
50,0,161,98,active,1.725,2717.30625,135.86531250000002,90.576875,339.66328125
29,0,186,68,light,1.375,2112.6875,105.634375,70.42291666666667,264.0859375
39,1,198,74,active,1.725,3083.4375,154.171875,102.78125,385.4296875
39,1,198,70,light,1.375,2402.8125,120.140625,80.09375,300.3515625
63,1,193,61,sedentary,1.2,1807.5,90.375,60.25,225.9375
47,1,177,90,very_active,1.9,3374.875,168.74375,112.49583333333334,421.859375
55,0,196,82,active,1.725,2775.525,138.77625,92.5175,346.940625
55,1,164,99,light,1.375,2399.375,119.96875,79.97916666666667,299.921875
62,1,155,53,moderate,1.55,1850.3125,92.515625,61.677083333333336,231.2890625
25,1,193,91,active,1.725,3443.53125,172.17656250000002,114.78437500000001,430.44140625
44,0,169,56,sedentary,1.2,1482.3,74.115,49.41,185.2875
44,0,199,71,sedentary,1.2,1887.3,94.36500000000001,62.91,235.9125
51,1,163,82,moderate,1.55,2462.5625,123.12812500000001,82.08541666666666,307.8203125
38,0,151,66,light,1.375,1722.53125,86.1265625,57.41770833333333,215.31640625
47,1,158,73,active,1.725,2565.9375,128.296875,85.53125,320.7421875
50,0,186,83,light,1.375,2174.5625,108.728125,72.48541666666667,271.8203125
45,0,169,77,sedentary,1.2,1728.3,86.415,57.61,216.0375
64,0,175,92,light,1.375,2107.53125,105.3765625,70.25104166666667,263.44140625
50,0,178,90,sedentary,1.2,1921.8,96.09,64.06,240.225
22,1,150,88,light,1.375,2354.6875,117.734375,78.48958333333333,294.3359375
36,1,184,71,moderate,1.55,2611.75,130.5875,87.05833333333334,326.46875
21,1,155,98,very_active,1.9,3512.625,175.63125000000002,117.08749999999999,439.078125
52,0,186,66,moderate,1.55,2172.3250000000003,108.61625000000002,72.41083333333334,271.54062500000003
34,1,154,83,moderate,1.55,2522.625,126.13125000000001,84.0875,315.328125
61,1,182,55,very_active,1.9,2636.25,131.8125,87.875,329.53125
45,1,198,95,very_active,1.9,3738.25,186.91250000000002,124.60833333333332,467.28125
47,0,163,55,active,1.725,2022.99375,101.14968750000001,67.433125,252.87421875
46,0,161,83,active,1.725,2493.05625,124.65281250000001,83.101875,311.63203125
63,0,191,50,moderate,1.55,1887.5125,94.37562500000001,62.91708333333333,235.9390625
23,1,169,59,moderate,1.55,2381.1875,119.059375,79.37291666666665,297.6484375
52,1,199,70,sedentary,1.2,2026.5,101.325,67.55,253.3125
58,1,173,54,sedentary,1.2,1603.5,80.17500000000001,53.449999999999996,200.4375
54,0,192,51,active,1.725,2206.275,110.31375000000001,73.5425,275.784375
41,0,183,71,active,1.725,2566.36875,128.31843750000002,85.545625,320.79609375
46,1,174,97,sedentary,1.2,2199.0,109.95,73.3,274.875
63,0,199,51,sedentary,1.2,1533.3,76.665,51.10999999999999,191.6625
48,0,178,59,light,1.375,1789.5625,89.478125,59.65208333333333,223.6953125
52,0,188,83,light,1.375,2178.0,108.9,72.6,272.25
50,0,180,65,sedentary,1.2,1636.8,81.84,54.559999999999995,204.6
38,1,196,97,light,1.375,2763.75,138.1875,92.125,345.46875
49,0,192,88,very_active,1.9,3180.6,159.03,106.02,397.575
40,0,199,71,active,1.725,2747.49375,137.37468750000002,91.583125,343.43671875
50,0,172,61,active,1.725,2197.65,109.88250000000001,73.255,274.70625
20,0,193,73,sedentary,1.2,2010.3,100.515,67.00999999999999,251.2875
35,1,187,96,moderate,1.55,3036.0625,151.803125,101.20208333333333,379.5078125
42,1,169,89,sedentary,1.2,2089.5,104.47500000000001,69.65,261.1875
59,0,172,87,light,1.375,2047.375,102.36875,68.24583333333334,255.921875
48,0,194,59,moderate,1.55,2172.3250000000003,108.61625000000002,72.41083333333334,271.54062500000003
20,0,165,84,light,1.375,2214.09375,110.7046875,73.803125,276.76171875
57,0,199,98,very_active,1.9,3377.725,168.88625000000002,112.59083333333332,422.215625
63,0,191,81,light,1.375,2100.65625,105.0328125,70.021875,262.58203125
41,0,157,56,very_active,1.9,2232.975,111.64875,74.43249999999999,279.121875
49,1,199,70,very_active,1.9,3237.125,161.85625000000002,107.90416666666665,404.640625
64,0,170,69,light,1.375,1748.3125,87.415625,58.27708333333333,218.5390625
39,1,150,75,light,1.375,2059.0625,102.953125,68.63541666666667,257.3828125
40,1,157,53,very_active,1.9,2500.875,125.04375,83.3625,312.609375
19,0,178,95,moderate,1.55,2800.0750000000003,140.00375000000003,93.33583333333334,350.00937500000003
44,1,181,71,very_active,1.9,3089.875,154.49375,102.99583333333334,386.234375
59,1,187,64,active,1.725,2619.84375,130.9921875,87.328125,327.48046875
19,1,154,89,very_active,1.9,3348.75,167.4375,111.625,418.59375
43,1,196,70,moderate,1.55,2658.25,132.9125,88.60833333333333,332.28125
34,1,171,64,active,1.725,2662.96875,133.1484375,88.765625,332.87109375
57,1,196,71,sedentary,1.2,1986.0,99.30000000000001,66.19999999999999,248.25
50,0,183,77,sedentary,1.2,1803.3,90.165,60.11,225.4125
26,1,150,63,moderate,1.55,2235.875,111.79375,74.52916666666665,279.484375
60,1,175,76,very_active,1.9,2961.625,148.08125,98.72083333333333,370.203125
56,1,192,90,light,1.375,2509.375,125.46875,83.64583333333333,313.671875
46,0,159,89,moderate,1.55,2313.7625000000003,115.68812500000001,77.12541666666668,289.22031250000003
59,1,179,77,active,1.725,2757.84375,137.8921875,91.928125,344.73046875
43,0,199,75,active,1.725,2790.61875,139.53093750000002,93.020625,348.82734375
52,1,167,98,sedentary,1.2,2122.5,106.125,70.75,265.3125
42,0,166,51,active,1.725,2029.4625,101.47312500000001,67.64875,253.6828125
41,0,175,74,moderate,1.55,2275.0125000000003,113.75062500000001,75.83375000000001,284.37656250000003
30,1,157,52,active,1.725,2339.53125,116.9765625,77.984375,292.44140625
24,1,196,57,moderate,1.55,2604.0,130.20000000000002,86.8,325.5
53,0,189,93,light,1.375,2317.21875,115.8609375,77.240625,289.65234375
62,1,198,82,sedentary,1.2,2103.0,105.15,70.1,262.875
37,0,161,91,active,1.725,2708.68125,135.4340625,90.289375,338.58515625
18,0,176,84,moderate,1.55,2617.9500000000003,130.8975,87.26500000000001,327.24375000000003
25,0,157,55,very_active,1.9,2365.975,118.29875,78.86583333333333,295.746875
63,0,174,88,sedentary,1.2,1789.8,89.49000000000001,59.66,223.725
33,0,195,72,light,1.375,2217.53125,110.8765625,73.91770833333334,277.19140625
31,1,153,74,moderate,1.55,2396.6875,119.83437500000001,79.88958333333333,299.5859375
29,0,182,99,light,1.375,2504.5625,125.228125,83.48541666666667,313.0703125
40,0,150,92,light,1.375,2057.6875,102.884375,68.58958333333334,257.2109375
32,1,168,68,active,1.725,2716.875,135.84375,90.5625,339.609375
45,0,180,54,active,1.725,2206.275,110.31375000000001,73.5425,275.784375
51,1,165,60,moderate,1.55,2140.9375,107.046875,71.36458333333333,267.6171875
19,1,163,61,very_active,1.9,2923.625,146.18125,97.45416666666667,365.453125
49,1,197,59,moderate,1.55,2450.9375,122.546875,81.69791666666667,306.3671875
40,0,154,57,very_active,1.9,2225.85,111.2925,74.195,278.23125
39,0,190,73,light,1.375,2147.0625,107.353125,71.56875,268.3828125
42,0,175,77,sedentary,1.2,1791.3,89.565,59.71,223.9125
39,1,177,90,moderate,1.55,2815.1875,140.759375,93.83958333333334,351.8984375
39,0,151,85,moderate,1.55,2228.5125000000003,111.42562500000003,74.28375,278.56406250000003
59,1,199,86,very_active,1.9,3446.125,172.30625,114.87083333333332,430.765625
23,0,155,70,light,1.375,1915.03125,95.7515625,63.834374999999994,239.37890625
32,1,158,57,light,1.375,1928.4375,96.421875,64.28125,241.0546875
60,0,182,58,very_active,1.9,2387.35,119.3675,79.57833333333332,298.41875
54,0,190,96,light,1.375,2360.1875,118.009375,78.67291666666667,295.0234375
50,0,174,64,active,1.725,2270.9625,113.54812500000001,75.69875,283.8703125
25,1,197,97,sedentary,1.2,2497.5,124.875,83.25,312.1875
61,1,162,95,moderate,1.55,2576.875,128.84375,85.89583333333333,322.109375
61,0,158,89,sedentary,1.2,1693.8,84.69,56.46,211.725
22,0,162,67,moderate,1.55,2187.8250000000003,109.39125000000001,72.92750000000001,273.47812500000003
56,1,180,91,active,1.725,3036.0,151.8,101.19999999999999,379.5
21,1,190,69,light,1.375,2444.0625,122.203125,81.46875,305.5078125
23,1,160,55,very_active,1.9,2736.0,136.8,91.19999999999999,342.0
62,0,153,61,active,1.725,1889.30625,94.46531250000001,62.976875,236.16328125
49,1,183,51,sedentary,1.2,1696.5,84.825,56.55,212.0625
47,0,187,56,very_active,1.9,2532.225,126.61125,84.40749999999998,316.528125
64,1,195,65,light,1.375,2136.40625,106.8203125,71.21354166666667,267.05078125
52,0,153,52,active,1.725,1820.30625,91.01531250000001,60.676874999999995,227.53828125
57,1,187,94,very_active,1.9,3474.625,173.73125000000002,115.82083333333334,434.328125
33,1,168,52,active,1.725,2432.25,121.61250000000001,81.07499999999999,304.03125
30,1,155,76,active,1.725,2731.96875,136.59843750000002,91.065625,341.49609375
59,1,183,99,light,1.375,2535.15625,126.7578125,84.50520833333333,316.89453125
47,1,167,92,moderate,1.55,2687.3125,134.365625,89.57708333333333,335.9140625
36,0,162,89,very_active,1.9,2966.85,148.3425,98.895,370.85625
34,1,190,87,light,1.375,2602.1875,130.109375,86.73958333333333,325.2734375
36,1,172,82,active,1.725,2967.0,148.35,98.9,370.875
45,1,168,77,light,1.375,2200.0,110.0,73.33333333333333,275.0
43,0,194,50,moderate,1.55,2071.5750000000003,103.57875000000001,69.05250000000001,258.94687500000003
54,1,160,57,very_active,1.9,2479.5,123.97500000000001,82.65,309.9375
43,0,150,86,moderate,1.55,2203.3250000000003,110.16625000000002,73.44416666666667,275.41562500000003
40,1,173,81,sedentary,1.2,2035.5,101.775,67.85,254.4375
26,1,156,97,very_active,1.9,3458.0,172.9,115.26666666666665,432.25
29,0,174,92,moderate,1.55,2637.3250000000003,131.86625,87.91083333333334,329.66562500000003
18,1,170,86,active,1.725,3169.6875,158.484375,105.65625,396.2109375
18,0,164,53,very_active,1.9,2477.6,123.88,82.58666666666666,309.7
64,0,150,79,very_active,1.9,2368.35,118.4175,78.945,296.04375
51,1,161,55,light,1.375,1796.09375,89.8046875,59.869791666666664,224.51171875
49,0,156,95,active,1.725,2620.275,131.01375000000002,87.3425,327.534375
42,1,164,68,sedentary,1.2,1800.0,90.0,60.0,225.0
57,1,170,81,moderate,1.55,2468.375,123.41875,82.27916666666665,308.546875
62,0,168,58,light,1.375,1593.625,79.68125,53.12083333333333,199.203125
18,0,178,61,moderate,1.55,2280.8250000000003,114.04125000000002,76.0275,285.10312500000003
33,0,174,60,sedentary,1.2,1633.8,81.69,54.46,204.225
56,0,182,95,sedentary,1.2,1975.8,98.79,65.86,246.975
22,1,198,65,very_active,1.9,3386.75,169.3375,112.89166666666667,423.34375
39,1,181,50,sedentary,1.2,1729.5,86.47500000000001,57.650000000000006,216.1875
46,0,198,94,moderate,1.55,2769.0750000000003,138.45375,92.30250000000001,346.13437500000003
20,1,184,70,active,1.725,3027.375,151.36875,100.9125,378.421875
29,1,193,79,active,1.725,3202.03125,160.1015625,106.734375,400.25390625
43,1,187,62,very_active,1.9,2999.625,149.98125000000002,99.9875,374.953125
33,1,175,83,moderate,1.55,2733.8125,136.690625,91.12708333333333,341.7265625
54,0,160,53,moderate,1.55,1703.45,85.17250000000001,56.781666666666666,212.93125
39,0,184,77,sedentary,1.2,1876.8,93.84,62.559999999999995,234.6
46,1,157,87,moderate,1.55,2520.6875,126.03437500000001,84.02291666666666,315.0859375
31,0,195,80,light,1.375,2341.28125,117.0640625,78.04270833333334,292.66015625
45,0,163,76,sedentary,1.2,1671.3,83.565,55.71,208.9125
22,0,159,54,light,1.375,1736.28125,86.8140625,57.876041666666666,217.03515625
64,1,151,74,very_active,1.9,2600.625,130.03125,86.6875,325.078125
47,1,195,52,active,1.725,2602.59375,130.12968750000002,86.753125,325.32421875
63,1,158,82,very_active,1.9,2845.25,142.26250000000002,94.84166666666665,355.65625
22,0,152,53,active,1.725,2085.525,104.27625,69.5175,260.690625
29,1,170,74,very_active,1.9,3158.75,157.9375,105.29166666666667,394.84375
33,1,175,69,moderate,1.55,2516.8125,125.840625,83.89375,314.6015625
43,0,157,83,light,1.375,1973.46875,98.6734375,65.78229166666667,246.68359375
43,1,197,75,active,1.725,3055.40625,152.77031250000002,101.846875,381.92578125
38,1,151,54,sedentary,1.2,1558.5,77.92500000000001,51.949999999999996,194.8125
56,0,155,84,light,1.375,1880.65625,94.0328125,62.688541666666666,235.08203125
53,0,177,77,sedentary,1.2,1740.3,87.015,58.00999999999999,217.5375
50,0,178,78,light,1.375,2037.0625,101.853125,67.90208333333334,254.6328125
47,1,175,58,light,1.375,1985.15625,99.2578125,66.171875,248.14453125
54,1,174,87,very_active,1.9,3215.75,160.78750000000002,107.19166666666666,401.96875
40,1,161,99,active,1.725,3107.15625,155.35781250000002,103.57187499999999,388.39453125
27,0,154,55,active,1.725,2098.4625,104.92312500000001,69.94875,262.3078125
22,0,183,68,light,1.375,2135.03125,106.7515625,71.16770833333334,266.87890625
53,1,197,93,moderate,1.55,2946.9375,147.346875,98.23124999999999,368.3671875
51,1,186,60,moderate,1.55,2344.375,117.21875,78.14583333333333,293.046875
48,0,164,51,sedentary,1.2,1360.8,68.04,45.35999999999999,170.1
27,0,193,96,sedentary,1.2,2244.2999999999997,112.21499999999999,74.80999999999999,280.53749999999997
36,0,185,93,very_active,1.9,3315.975,165.79875,110.53249999999998,414.496875
49,0,164,93,light,1.375,2129.875,106.49375,70.99583333333334,266.234375
18,1,192,58,sedentary,1.2,2034.0,101.7,67.8,254.25
22,0,197,70,sedentary,1.2,1992.3,99.61500000000001,66.41,249.0375
62,1,172,73,light,1.375,2062.5,103.125,68.75,257.8125
21,1,155,83,very_active,1.9,3227.625,161.38125000000002,107.58749999999999,403.453125
33,1,195,71,sedentary,1.2,2122.5,106.125,70.75,265.3125
41,0,199,52,very_active,1.9,2655.725,132.78625,88.52416666666666,331.965625
33,0,193,61,active,1.725,2570.68125,128.5340625,85.689375,321.33515625
19,0,192,77,very_active,1.9,3256.6,162.83,108.55333333333333,407.075
45,0,194,79,moderate,1.55,2505.5750000000003,125.27875000000002,83.51916666666666,313.19687500000003
49,1,170,75,moderate,1.55,2437.375,121.86875,81.24583333333334,304.671875
44,0,172,97,very_active,1.9,3161.6,158.08,105.38666666666666,395.2
37,0,192,70,moderate,1.55,2408.7000000000003,120.43500000000002,80.29,301.08750000000003
41,1,165,77,active,1.725,2762.15625,138.1078125,92.071875,345.26953125
29,0,196,75,light,1.375,2294.875,114.74375,76.49583333333334,286.859375
52,1,164,82,moderate,1.55,2464.5,123.22500000000001,82.15,308.0625
50,1,174,70,moderate,1.55,2390.875,119.54375,79.69583333333333,298.859375
50,1,185,84,very_active,1.9,3327.375,166.36875,110.9125,415.921875
60,1,160,83,active,1.725,2647.875,132.39375,88.26249999999999,330.984375
54,1,164,90,light,1.375,2282.5,114.125,76.08333333333333,285.3125
29,1,153,96,very_active,1.9,3374.875,168.74375,112.49583333333334,421.859375
20,1,170,67,very_active,1.9,3111.25,155.5625,103.70833333333333,388.90625
18,1,162,60,active,1.725,2634.9375,131.74687500000002,87.83125,329.3671875
50,0,171,72,light,1.375,1894.40625,94.7203125,63.146874999999994,236.80078125
57,0,168,97,active,1.725,2715.15,135.75750000000002,90.505,339.39375
27,0,183,71,light,1.375,2141.90625,107.0953125,71.396875,267.73828125
60,0,163,66,active,1.725,2100.61875,105.03093750000001,70.020625,262.57734375
61,1,153,54,very_active,1.9,2272.875,113.64375000000001,75.76249999999999,284.109375
46,0,197,93,very_active,1.9,3363.475,168.17375,112.11583333333333,420.434375
30,1,195,60,sedentary,1.2,2008.5,100.42500000000001,66.94999999999999,251.0625
29,0,176,79,moderate,1.55,2455.2000000000003,122.76000000000002,81.84,306.90000000000003
48,0,178,64,active,1.725,2331.3375,116.56687500000001,77.71125,291.4171875
63,0,196,76,sedentary,1.2,1810.8,90.54,60.36,226.35
19,1,177,84,moderate,1.55,2877.1875,143.859375,95.90625,359.6484375
52,0,184,82,active,1.725,2672.025,133.60125000000002,89.0675,334.003125
40,1,157,69,light,1.375,2029.84375,101.4921875,67.66145833333333,253.73046875
34,1,165,65,moderate,1.55,2350.1875,117.509375,78.33958333333334,293.7734375
43,0,191,83,very_active,1.9,3130.725,156.53625,104.3575,391.340625
25,0,185,51,sedentary,1.2,1656.3,82.815,55.21,207.0375
46,0,179,84,moderate,1.55,2430.0125000000003,121.50062500000001,81.00041666666668,303.75156250000003
43,1,167,89,moderate,1.55,2671.8125,133.59062500000002,89.06041666666665,333.9765625
27,0,151,77,very_active,1.9,2693.725,134.68625,89.79083333333332,336.715625
43,1,198,96,active,1.725,3428.4375,171.421875,114.28125,428.5546875
51,1,162,88,light,1.375,2258.4375,112.921875,75.28125,282.3046875
58,0,153,55,very_active,1.9,2004.975,100.24875,66.8325,250.621875
24,0,175,58,light,1.375,1915.03125,95.7515625,63.834374999999994,239.37890625
21,1,174,69,active,1.725,2893.6875,144.68437500000002,96.45625,361.7109375
62,1,179,50,moderate,1.55,2036.3125,101.81562500000001,67.87708333333333,254.5390625
28,1,160,57,light,1.375,1973.125,98.65625,65.77083333333333,246.640625
46,0,156,72,sedentary,1.2,1564.8,78.24000000000001,52.16,195.6
53,1,180,52,sedentary,1.2,1662.0,83.10000000000001,55.4,207.75
42,0,193,53,very_active,1.9,2593.975,129.69875,86.46583333333334,324.246875
38,1,159,74,active,1.725,2671.59375,133.5796875,89.053125,333.94921875
53,1,188,96,very_active,1.9,3562.5,178.125,118.75,445.3125
27,0,162,87,very_active,1.9,3014.35,150.7175,100.47833333333332,376.79375
54,1,180,64,very_active,1.9,2850.0,142.5,95.0,356.25
26,0,156,70,sedentary,1.2,1660.8,83.04,55.35999999999999,207.6
41,0,198,84,sedentary,1.2,2053.7999999999997,102.69,68.45999999999998,256.72499999999997
52,1,191,95,very_active,1.9,3588.625,179.43125,119.62083333333332,448.578125
52,0,191,63,sedentary,1.2,1683.3,84.165,56.10999999999999,210.4125
53,0,185,85,active,1.725,2725.93125,136.29656250000002,90.864375,340.74140625
35,1,169,61,very_active,1.9,2842.875,142.14375,94.76249999999999,355.359375
56,0,153,66,sedentary,1.2,1410.3,70.515,47.01,176.2875
49,0,156,88,light,1.375,1992.375,99.61875,66.4125,249.046875
41,0,150,58,very_active,1.9,2187.85,109.3925,72.92833333333333,273.48125
40,1,193,84,very_active,1.9,3517.375,175.86875,117.24583333333332,439.671875
49,0,194,62,active,1.725,2460.7125,123.03562500000001,82.02375,307.5890625
54,1,191,64,moderate,1.55,2431.5625,121.578125,81.05208333333333,303.9453125
29,1,196,67,moderate,1.55,2720.25,136.01250000000002,90.675,340.03125
30,0,162,82,active,1.725,2624.5875,131.229375,87.48625,328.0734375
40,0,171,55,active,1.725,2169.61875,108.48093750000001,72.320625,271.20234375
42,0,170,76,active,1.725,2503.8375,125.19187500000001,83.46125,312.9796875
52,1,171,72,moderate,1.55,2377.3125,118.86562500000001,79.24375,297.1640625
58,0,177,76,active,1.725,2441.30625,122.0653125,81.376875,305.16328125
47,0,158,83,sedentary,1.2,1705.8,85.29,56.85999999999999,213.225
34,0,175,95,very_active,1.9,3254.225,162.71125,108.47416666666666,406.778125
37,0,158,87,very_active,1.9,2871.85,143.5925,95.72833333333332,358.98125
42,0,164,63,light,1.375,1765.5,88.275,58.849999999999994,220.6875
39,1,159,85,light,1.375,2273.90625,113.6953125,75.796875,284.23828125
30,1,173,57,very_active,1.9,2861.875,143.09375,95.39583333333333,357.734375
36,0,191,84,sedentary,1.2,2031.3,101.565,67.71,253.9125
53,0,157,68,moderate,1.55,1914.6375,95.731875,63.82125,239.3296875
29,0,173,79,moderate,1.55,2426.1375000000003,121.30687500000002,80.87125,303.26718750000003
58,0,165,63,sedentary,1.2,1452.3,72.615,48.41,181.5375
36,1,198,69,moderate,1.55,2716.375,135.81875,90.54583333333333,339.546875
29,0,175,98,active,1.725,3049.36875,152.46843750000002,101.645625,381.17109375
26,1,176,74,very_active,1.9,3258.5,162.925,108.61666666666666,407.3125
24,1,186,89,very_active,1.9,3681.25,184.0625,122.70833333333333,460.15625
45,0,153,73,sedentary,1.2,1560.3,78.015,52.01,195.0375
31,1,199,63,moderate,1.55,2671.8125,133.59062500000002,89.06041666666665,333.9765625
48,1,173,75,light,1.375,2194.84375,109.7421875,73.16145833333333,274.35546875
36,1,168,87,light,1.375,2399.375,119.96875,79.97916666666667,299.921875
64,1,185,72,moderate,1.55,2419.9375,120.996875,80.66458333333333,302.4921875
33,0,188,71,light,1.375,2143.625,107.18125,71.45416666666667,267.953125
22,0,159,97,sedentary,1.2,2031.3,101.565,67.71,253.9125
52,1,174,68,sedentary,1.2,1815.0,90.75,60.5,226.875
29,0,167,95,moderate,1.55,2616.0125000000003,130.80062500000003,87.20041666666667,327.00156250000003
42,0,168,52,light,1.375,1648.625,82.43125,54.954166666666666,206.078125
38,0,185,91,sedentary,1.2,2058.2999999999997,102.91499999999999,68.60999999999999,257.28749999999997
53,0,159,68,sedentary,1.2,1497.3,74.865,49.91,187.1625
40,0,182,58,active,1.725,2339.9625,116.99812500000002,77.99875,292.4953125
33,1,199,77,active,1.725,3197.71875,159.8859375,106.59062499999999,399.71484375
56,0,154,69,sedentary,1.2,1453.8,72.69,48.46,181.725
62,0,196,94,moderate,1.55,2625.7000000000003,131.28500000000003,87.52333333333334,328.21250000000003
59,0,198,56,very_active,1.9,2548.85,127.4425,84.96166666666666,318.60625
56,0,184,63,very_active,1.9,2544.1,127.205,84.80333333333333,318.0125
31,1,193,58,sedentary,1.2,1963.5,98.17500000000001,65.44999999999999,245.4375
48,1,183,68,sedentary,1.2,1906.5,95.325,63.54999999999999,238.3125
22,1,182,96,sedentary,1.2,2391.0,119.55000000000001,79.69999999999999,298.875
52,1,170,63,moderate,1.55,2228.125,111.40625,74.27083333333333,278.515625
40,0,166,87,active,1.725,2667.7125,133.385625,88.92375,333.4640625
46,1,171,85,sedentary,1.2,2032.5,101.625,67.75,254.0625
60,0,197,89,sedentary,1.2,1992.3,99.61500000000001,66.41,249.0375
28,0,186,66,light,1.375,2092.0625,104.603125,69.73541666666667,261.5078125
35,0,164,79,moderate,1.55,2292.4500000000003,114.62250000000002,76.415,286.55625000000003
64,0,184,58,sedentary,1.2,1498.8,74.94,49.96,187.35
29,0,177,82,light,1.375,2227.84375,111.3921875,74.26145833333334,278.48046875
26,1,156,74,very_active,1.9,3021.0,151.05,100.69999999999999,377.625
27,1,181,63,sedentary,1.2,1957.5,97.875,65.25,244.6875
61,1,160,60,sedentary,1.2,1560.0,78.0,52.0,195.0
34,1,159,84,light,1.375,2294.53125,114.7265625,76.484375,286.81640625
55,0,158,90,moderate,1.55,2249.8250000000003,112.49125000000002,74.99416666666667,281.22812500000003
24,1,163,63,sedentary,1.2,1840.5,92.025,61.349999999999994,230.0625
63,0,162,79,very_active,1.9,2520.35,126.0175,84.01166666666666,315.04375
30,1,174,90,sedentary,1.2,2211.0,110.55000000000001,73.69999999999999,276.375
57,0,151,53,very_active,1.9,1952.725,97.63625,65.09083333333334,244.090625
59,0,184,53,active,1.725,2111.4,105.57000000000001,70.38,263.925
26,1,156,77,active,1.725,2794.5,139.725,93.15,349.3125
44,0,170,57,very_active,1.9,2377.85,118.8925,79.26166666666666,297.23125
19,0,167,51,moderate,1.55,2011.5125,100.575625,67.05041666666666,251.4390625
22,1,152,90,sedentary,1.2,2094.0,104.7,69.8,261.75
46,0,191,95,sedentary,1.2,2103.2999999999997,105.16499999999999,70.10999999999999,262.91249999999997
54,1,188,71,active,1.725,2794.5,139.725,93.15,349.3125
55,1,190,90,very_active,1.9,3453.25,172.66250000000002,115.10833333333332,431.65625
36,1,198,65,sedentary,1.2,2055.0,102.75,68.5,256.875
25,0,160,78,sedentary,1.2,1792.8,89.64,59.75999999999999,224.1
62,0,188,98,moderate,1.55,2610.2000000000003,130.51000000000002,87.00666666666667,326.27500000000003
18,0,173,97,light,1.375,2475.34375,123.7671875,82.51145833333334,309.41796875
39,1,195,79,active,1.725,3137.34375,156.8671875,104.578125,392.16796875
34,0,168,61,active,1.725,2292.525,114.62625000000001,76.4175,286.565625
24,1,153,84,light,1.375,2311.71875,115.5859375,77.05729166666667,288.96484375
42,1,175,60,sedentary,1.2,1786.5,89.325,59.54999999999999,223.3125
62,0,187,95,moderate,1.55,2554.0125000000003,127.70062500000002,85.13375,319.25156250000003
21,1,191,99,moderate,1.55,3229.8125,161.49062500000002,107.66041666666666,403.7265625
53,0,181,70,active,1.725,2424.05625,121.20281250000001,80.801875,303.00703125
23,0,188,70,moderate,1.55,2478.4500000000003,123.92250000000001,82.61500000000001,309.80625000000003
48,0,194,54,light,1.375,1858.3125,92.915625,61.943749999999994,232.2890625
36,0,195,97,sedentary,1.2,2217.2999999999997,110.865,73.91,277.16249999999997
61,0,185,69,light,1.375,1897.84375,94.8921875,63.26145833333333,237.23046875
56,1,189,86,very_active,1.9,3355.875,167.79375000000002,111.8625,419.484375
44,1,186,52,active,1.725,2531.4375,126.571875,84.38125,316.4296875
27,1,182,93,moderate,1.55,3003.125,150.15625,100.10416666666667,375.390625
43,0,185,82,very_active,1.9,3040.475,152.02375,101.34916666666666,380.059375
36,0,152,58,moderate,1.55,1842.95,92.14750000000001,61.431666666666665,230.36875
56,0,158,58,sedentary,1.2,1351.8,67.59,45.059999999999995,168.975
20,1,157,53,sedentary,1.2,1699.5,84.97500000000001,56.65,212.4375
62,0,182,84,sedentary,1.2,1807.8,90.39,60.25999999999999,225.975
30,1,155,66,moderate,1.55,2299.8125,114.99062500000001,76.66041666666666,287.4765625
45,1,190,83,very_active,1.9,3415.25,170.76250000000002,113.84166666666667,426.90625
37,0,188,73,sedentary,1.2,1870.8,93.54,62.36,233.85
45,0,153,81,very_active,1.9,2622.475,131.12375,87.41583333333332,327.809375
25,1,162,50,moderate,1.55,2158.375,107.91875,71.94583333333333,269.796875
58,0,198,57,very_active,1.9,2577.35,128.8675,85.91166666666666,322.16875
56,1,151,94,moderate,1.55,2493.5625,124.67812500000001,83.11875,311.6953125
18,0,154,72,moderate,1.55,2218.8250000000003,110.94125000000003,73.96083333333334,277.35312500000003
20,0,193,96,active,1.725,3286.55625,164.32781250000002,109.551875,410.81953125
30,1,176,89,moderate,1.55,2859.75,142.9875,95.32499999999999,357.46875
45,0,181,61,moderate,1.55,2100.6375000000003,105.03187500000001,70.02125000000001,262.57968750000003
42,1,170,61,light,1.375,2017.8125,100.890625,67.26041666666667,252.2265625
50,0,157,95,sedentary,1.2,1824.3,91.215,60.809999999999995,228.0375
55,1,187,96,active,1.725,3206.34375,160.31718750000002,106.878125,400.79296875
23,1,157,64,active,1.725,2606.90625,130.3453125,86.896875,325.86328125
61,0,199,90,active,1.725,2894.11875,144.7059375,96.470625,361.76484375
62,1,152,68,light,1.375,1821.875,91.09375,60.729166666666664,227.734375
49,0,193,75,moderate,1.55,2402.8875000000003,120.14437500000003,80.09625,300.36093750000003
62,0,152,78,sedentary,1.2,1510.8,75.54,50.35999999999999,188.85
64,0,171,71,very_active,1.9,2465.725,123.28625,82.19083333333333,308.215625
38,1,155,89,moderate,1.55,2594.3125,129.71562500000002,86.47708333333333,324.2890625
33,1,151,70,light,1.375,2040.15625,102.0078125,68.00520833333333,255.01953125
38,0,172,87,moderate,1.55,2470.7000000000003,123.53500000000003,82.35666666666667,308.83750000000003
28,0,193,69,moderate,1.55,2472.6375000000003,123.63187500000002,82.42125000000001,309.07968750000003
54,1,151,78,light,1.375,2005.78125,100.2890625,66.859375,250.72265625
53,0,187,53,active,1.725,2195.49375,109.77468750000001,73.183125,274.43671875
52,0,166,56,active,1.725,2029.4625,101.47312500000001,67.64875,253.6828125
36,1,184,77,sedentary,1.2,2094.0,104.7,69.8,261.75
37,0,183,77,sedentary,1.2,1881.3,94.065,62.71,235.1625
35,1,172,53,active,1.725,2475.375,123.76875000000001,82.51249999999999,309.421875
64,0,179,71,very_active,1.9,2560.725,128.03625,85.3575,320.090625
58,1,157,61,moderate,1.55,2024.6875,101.234375,67.48958333333333,253.0859375
31,0,171,94,very_active,1.9,3216.225,160.81125,107.2075,402.028125
32,0,193,52,moderate,1.55,2178.1375000000003,108.90687500000001,72.60458333333334,272.26718750000003
48,1,185,71,active,1.725,2813.90625,140.6953125,93.796875,351.73828125
18,0,154,93,sedentary,1.2,1969.8,98.49000000000001,65.66,246.225
20,1,162,51,sedentary,1.2,1713.0,85.65,57.099999999999994,214.125
33,0,178,73,very_active,1.9,2881.35,144.0675,96.045,360.16875
40,1,180,83,sedentary,1.2,2112.0,105.60000000000001,70.4,264.0
28,1,196,76,active,1.725,3191.25,159.5625,106.375,398.90625
29,1,165,90,very_active,1.9,3403.375,170.16875000000002,113.44583333333333,425.421875
27,1,191,50,moderate,1.55,2423.8125,121.19062500000001,80.79374999999999,302.9765625
49,0,179,57,sedentary,1.2,1539.3,76.965,51.309999999999995,192.4125
33,0,165,72,light,1.375,1959.71875,97.9859375,65.32395833333334,244.96484375
25,1,161,87,sedentary,1.2,2107.5,105.375,70.25,263.4375
55,1,166,55,moderate,1.55,2042.125,102.10625,68.07083333333333,255.265625
29,1,165,71,very_active,1.9,3042.375,152.11875,101.4125,380.296875
41,0,161,74,moderate,1.55,2139.3875000000003,106.96937500000001,71.31291666666668,267.42343750000003
45,0,157,67,light,1.375,1739.71875,86.9859375,57.990624999999994,217.46484375
25,0,169,66,active,1.725,2467.18125,123.35906250000001,82.239375,308.39765625
45,0,152,61,sedentary,1.2,1408.8,70.44,46.96,176.1
53,1,165,55,very_active,1.9,2510.375,125.51875000000001,83.67916666666666,313.796875
43,1,179,75,active,1.725,2861.34375,143.06718750000002,95.378125,357.66796875
25,1,194,76,moderate,1.55,2871.375,143.56875,95.7125,358.921875
45,0,172,57,very_active,1.9,2392.1,119.605,79.73666666666666,299.0125
45,0,177,68,active,1.725,2415.43125,120.77156250000002,80.514375,301.92890625
54,0,189,91,very_active,1.9,3154.475,157.72375,105.14916666666666,394.309375
58,1,154,50,light,1.375,1619.0625,80.953125,53.96875,202.3828125
53,1,169,78,light,1.375,2167.34375,108.3671875,72.24479166666667,270.91796875
44,0,189,94,sedentary,1.2,2088.2999999999997,104.41499999999999,69.60999999999999,261.03749999999997
34,1,193,98,sedentary,1.2,2425.5,121.275,80.85,303.1875
26,0,150,84,light,1.375,2043.9375,102.196875,68.13125,255.4921875
50,0,179,89,very_active,1.9,3035.725,151.78625,101.19083333333333,379.465625
37,1,170,63,light,1.375,2079.6875,103.984375,69.32291666666667,259.9609375
30,0,169,84,sedentary,1.2,1902.3,95.11500000000001,63.41,237.7875
45,1,155,97,light,1.375,2363.28125,118.1640625,78.77604166666667,295.41015625
46,0,171,94,light,1.375,2224.40625,111.2203125,74.146875,278.05078125
30,1,167,69,very_active,1.9,3018.625,150.93125,100.62083333333334,377.328125
63,1,157,98,active,1.725,2848.40625,142.4203125,94.946875,356.05078125
52,1,188,62,sedentary,1.2,1848.0,92.4,61.599999999999994,231.0
23,0,181,87,very_active,1.9,3277.975,163.89875,109.26583333333332,409.746875
35,0,182,98,light,1.375,2449.5625,122.478125,81.65208333333334,306.1953125
22,1,165,95,light,1.375,2579.84375,128.9921875,85.99479166666667,322.48046875
64,1,161,98,active,1.725,2882.90625,144.14531250000002,96.096875,360.36328125
42,0,187,57,sedentary,1.2,1641.3,82.065,54.71,205.1625
19,0,183,92,sedentary,1.2,2169.2999999999997,108.46499999999999,72.30999999999999,271.16249999999997
27,0,163,69,moderate,1.55,2189.7625000000003,109.48812500000003,72.99208333333334,273.72031250000003
47,1,185,82,sedentary,1.2,2095.5,104.775,69.85,261.9375
62,0,182,75,active,1.725,2443.4625,122.17312500000001,81.44875,305.4328125
22,0,172,88,moderate,1.55,2610.2000000000003,130.51000000000002,87.00666666666667,326.27500000000003
50,1,199,70,moderate,1.55,2633.0625,131.65312500000002,87.76875,329.1328125
18,0,194,98,light,1.375,2669.5625,133.478125,88.98541666666667,333.6953125
35,0,151,91,light,1.375,2086.90625,104.3453125,69.56354166666667,260.86328125
49,0,190,92,sedentary,1.2,2041.8,102.09,68.06,255.225
64,1,170,90,moderate,1.55,2553.625,127.68125,85.12083333333334,319.203125
28,1,151,58,light,1.375,1909.53125,95.4765625,63.651041666666664,238.69140625
38,1,176,73,active,1.725,2837.625,141.88125,94.5875,354.703125
43,1,158,86,light,1.375,2251.5625,112.578125,75.05208333333333,281.4453125
42,1,150,98,light,1.375,2354.6875,117.734375,78.48958333333333,294.3359375
39,1,160,90,moderate,1.55,2650.5,132.525,88.35,331.3125
44,1,152,66,moderate,1.55,2162.25,108.11250000000001,72.07499999999999,270.28125
30,0,172,73,very_active,1.9,2838.6,141.93,94.61999999999999,354.825
50,0,175,70,active,1.725,2385.24375,119.26218750000001,79.508125,298.15546875
51,1,153,88,moderate,1.55,2458.6875,122.934375,81.95625,307.3359375
58,0,167,90,sedentary,1.2,1791.3,89.565,59.71,223.9125
52,0,155,88,active,1.725,2462.86875,123.1434375,82.095625,307.85859375
18,1,184,62,active,1.725,2906.625,145.33125,96.88749999999999,363.328125
38,0,171,60,moderate,1.55,2042.5125,102.12562500000001,68.08375,255.3140625
23,0,192,95,active,1.725,3232.65,161.63250000000002,107.755,404.08125
45,0,164,68,moderate,1.55,2044.45,102.22250000000001,68.14833333333334,255.55625
34,0,171,60,light,1.375,1839.40625,91.9703125,61.313541666666666,229.92578125
22,0,186,62,very_active,1.9,2871.85,143.5925,95.72833333333332,358.98125
48,1,191,95,light,1.375,2624.53125,131.2265625,87.484375,328.06640625
22,1,161,94,moderate,1.55,2853.9375,142.696875,95.13125,356.7421875
55,1,196,50,moderate,1.55,2255.25,112.7625,75.175,281.90625
20,0,198,89,light,1.375,2566.4375,128.321875,85.54791666666667,320.8046875
40,1,191,93,sedentary,1.2,2314.5,115.72500000000001,77.15,289.3125
54,0,187,68,sedentary,1.2,1701.3,85.065,56.71,212.6625
54,0,167,61,sedentary,1.2,1467.3,73.365,48.91,183.4125
27,0,194,57,moderate,1.55,2304.0750000000003,115.20375000000001,76.80250000000001,288.00937500000003
27,0,184,57,active,1.725,2456.4,122.82000000000001,81.88,307.05
36,1,179,94,moderate,1.55,2919.8125,145.990625,97.32708333333333,364.9765625
34,1,173,61,active,1.725,2632.78125,131.6390625,87.759375,329.09765625
38,0,191,97,light,1.375,2492.53125,124.6265625,83.084375,311.56640625
31,1,179,82,very_active,1.9,3398.625,169.93125,113.2875,424.828125
26,0,163,94,active,1.725,2876.86875,143.84343750000002,95.895625,359.60859375
63,1,155,75,sedentary,1.2,1690.5,84.525,56.349999999999994,211.3125
18,1,152,88,moderate,1.55,2704.75,135.2375,90.15833333333333,338.09375
62,0,165,77,light,1.375,1829.09375,91.4546875,60.969791666666666,228.63671875
30,1,156,54,sedentary,1.2,1644.0,82.2,54.8,205.5
21,0,163,57,light,1.375,1818.78125,90.9390625,60.626041666666666,227.34765625
18,1,158,74,very_active,1.9,3120.75,156.03750000000002,104.02499999999999,390.09375
57,0,164,76,moderate,1.55,2075.4500000000003,103.77250000000002,69.18166666666667,259.43125000000003
49,0,170,95,moderate,1.55,2490.0750000000003,124.50375000000003,83.0025,311.25937500000003
51,1,184,72,very_active,1.9,3078.0,153.9,102.6,384.75
45,1,151,79,moderate,1.55,2346.3125,117.31562500000001,78.21041666666666,293.2890625
48,0,176,94,active,1.725,2827.275,141.36375,94.2425,353.409375
25,1,151,96,light,1.375,2452.65625,122.6328125,81.75520833333333,306.58203125
56,1,184,72,sedentary,1.2,1914.0,95.7,63.79999999999999,239.25
43,0,167,98,very_active,1.9,3130.725,156.53625,104.3575,391.340625
51,0,163,96,active,1.725,2695.74375,134.78718750000002,89.858125,336.96796875
20,1,169,69,sedentary,1.2,1981.5,99.075,66.05,247.6875
29,0,167,67,sedentary,1.2,1689.3,84.465,56.309999999999995,211.1625
18,0,159,67,very_active,1.9,2684.225,134.21125,89.47416666666666,335.528125
61,0,174,51,active,1.725,1951.8375,97.59187500000002,65.06125,243.9796875
22,1,151,53,sedentary,1.2,1642.5,82.125,54.75,205.3125
47,1,174,79,sedentary,1.2,1977.0,98.85000000000001,65.9,247.125
47,0,182,82,active,1.725,2693.5875,134.67937500000002,89.78625,336.6984375
34,1,185,85,moderate,1.55,2853.9375,142.696875,95.13125,356.7421875
64,0,180,67,sedentary,1.2,1576.8,78.84,52.559999999999995,197.1
40,1,163,86,light,1.375,2315.15625,115.7578125,77.171875,289.39453125
32,0,150,68,active,1.725,2236.4625,111.823125,74.54875,279.5578125
54,0,195,96,sedentary,1.2,2097.2999999999997,104.865,69.91,262.16249999999997
38,1,165,77,very_active,1.9,3070.875,153.54375000000002,102.3625,383.859375
31,0,195,89,light,1.375,2465.03125,123.2515625,82.16770833333334,308.12890625
19,1,152,69,sedentary,1.2,1860.0,93.0,62.0,232.5
28,1,184,98,light,1.375,2743.125,137.15625,91.4375,342.890625
56,0,190,82,light,1.375,2153.9375,107.696875,71.79791666666667,269.2421875
55,0,155,61,moderate,1.55,1771.2625,88.56312500000001,59.04208333333333,221.4078125
51,1,174,64,light,1.375,2031.5625,101.578125,67.71875,253.9453125
55,0,162,90,moderate,1.55,2288.5750000000003,114.42875000000002,76.28583333333334,286.07187500000003
51,0,183,88,active,1.725,2773.36875,138.6684375,92.445625,346.67109375
35,0,157,51,moderate,1.55,1790.6375,89.53187500000001,59.687916666666666,223.8296875
47,0,170,78,very_active,1.9,2748.35,137.4175,91.61166666666666,343.54375
32,0,183,90,sedentary,1.2,2067.2999999999997,103.365,68.91,258.41249999999997
44,1,153,59,active,1.725,2296.40625,114.8203125,76.546875,287.05078125
51,1,174,51,active,1.725,2324.4375,116.22187500000001,77.48124999999999,290.5546875
55,0,164,60,very_active,1.9,2259.1,112.955,75.30333333333333,282.3875
50,0,153,62,moderate,1.55,1806.1375,90.306875,60.204583333333325,225.7671875
41,0,194,59,sedentary,1.2,1723.8,86.19,57.46,215.475
32,1,161,63,moderate,1.55,2295.9375,114.796875,76.53125,286.9921875
47,0,181,67,light,1.375,1932.21875,96.6109375,64.40729166666667,241.52734375
59,1,181,58,moderate,1.55,2202.9375,110.14687500000001,73.43125,275.3671875
34,1,177,88,active,1.725,3141.65625,157.08281250000002,104.721875,392.70703125
22,1,162,77,sedentary,1.2,2013.0,100.65,67.1,251.625
46,0,180,52,moderate,1.55,1943.7,97.185,64.79,242.9625
21,1,163,69,sedentary,1.2,1930.5,96.525,64.35,241.3125
27,0,169,55,sedentary,1.2,1572.3,78.61500000000001,52.41,196.5375
34,1,167,76,light,1.375,2253.28125,112.6640625,75.109375,281.66015625
27,0,178,51,light,1.375,1823.9375,91.196875,60.797916666666666,227.9921875
34,1,155,78,active,1.725,2731.96875,136.59843750000002,91.065625,341.49609375
37,0,181,87,very_active,1.9,3144.975,157.24875,104.8325,393.121875
41,1,178,52,sedentary,1.2,1719.0,85.95,57.29999999999999,214.875
22,0,192,65,very_active,1.9,3000.1,150.005,100.00333333333333,375.0125
51,0,151,79,active,1.725,2273.11875,113.65593750000001,75.770625,284.13984375
23,0,172,89,sedentary,1.2,2026.8,101.34,67.56,253.35
19,0,168,51,sedentary,1.2,1564.8,78.24000000000001,52.16,195.6
30,1,180,66,very_active,1.9,3116.0,155.8,103.86666666666666,389.5
60,1,154,90,moderate,1.55,2429.625,121.48125,80.9875,303.703125
60,0,168,61,light,1.375,1648.625,82.43125,54.954166666666666,206.078125
28,1,183,84,moderate,1.55,2865.5625,143.27812500000002,95.51875,358.1953125
64,0,159,92,very_active,1.9,2722.225,136.11125,90.74083333333333,340.278125
40,0,174,50,light,1.375,1686.4375,84.321875,56.21458333333333,210.8046875
33,1,151,94,moderate,1.55,2671.8125,133.59062500000002,89.06041666666665,333.9765625
48,0,160,64,light,1.375,1703.625,85.18125,56.787499999999994,212.953125
28,0,199,75,sedentary,1.2,2031.3,101.565,67.71,253.9125
33,1,180,86,moderate,1.55,2828.75,141.4375,94.29166666666667,353.59375
25,0,164,70,light,1.375,1978.625,98.93125,65.95416666666667,247.328125
21,0,158,98,light,1.375,2339.5625,116.978125,77.98541666666667,292.4453125
57,0,172,80,light,1.375,1964.875,98.24375,65.49583333333334,245.609375
21,0,168,74,moderate,1.55,2362.2000000000003,118.11000000000001,78.74000000000001,295.27500000000003
42,1,158,72,active,1.725,2591.8125,129.59062500000002,86.39375,323.9765625
20,1,184,73,moderate,1.55,2766.75,138.3375,92.225,345.84375
49,1,170,87,very_active,1.9,3215.75,160.78750000000002,107.19166666666666,401.96875
20,0,158,77,moderate,1.55,2319.5750000000003,115.97875000000002,77.31916666666667,289.94687500000003
44,0,177,70,light,1.375,1959.71875,97.9859375,65.32395833333334,244.96484375
46,1,195,92,sedentary,1.2,2296.5,114.825,76.55,287.0625
49,0,156,67,moderate,1.55,1920.45,96.02250000000001,64.015,240.05625
36,0,165,85,moderate,1.55,2387.3875000000003,119.36937500000002,79.57958333333335,298.42343750000003
38,0,165,84,light,1.375,2090.34375,104.5171875,69.678125,261.29296875
22,0,182,94,sedentary,1.2,2167.7999999999997,108.38999999999999,72.25999999999999,270.97499999999997
35,1,153,58,sedentary,1.2,1639.5,81.97500000000001,54.65,204.9375
45,1,153,87,very_active,1.9,3051.875,152.59375,101.72916666666667,381.484375
59,1,188,79,moderate,1.55,2596.25,129.8125,86.54166666666667,324.53125
39,0,189,93,sedentary,1.2,2106.2999999999997,105.315,70.20999999999998,263.28749999999997
38,1,166,83,sedentary,1.2,2019.0,100.95,67.3,252.375
23,1,186,81,active,1.725,3212.8125,160.640625,107.09375,401.6015625
18,0,188,52,active,1.725,2490.9,124.54500000000002,83.03,311.3625
22,0,178,52,sedentary,1.2,1633.8,81.69,54.46,204.225
58,1,185,77,very_active,1.9,3118.375,155.91875000000002,103.94583333333333,389.796875
29,1,187,93,sedentary,1.2,2350.5,117.525,78.35,293.8125
43,1,188,64,light,1.375,2206.875,110.34375,73.5625,275.859375
63,1,199,90,moderate,1.55,2842.3125,142.115625,94.74375,355.2890625
51,0,186,72,very_active,1.9,2786.35,139.3175,92.87833333333333,348.29375
31,1,184,89,light,1.375,2598.75,129.9375,86.625,324.84375
43,1,156,60,very_active,1.9,2593.5,129.675,86.44999999999999,324.1875
62,0,176,97,light,1.375,2198.625,109.93125,73.2875,274.828125
44,1,177,81,moderate,1.55,2636.9375,131.846875,87.89791666666666,329.6171875
26,0,171,85,moderate,1.55,2523.0125000000003,126.15062500000002,84.10041666666667,315.37656250000003
43,0,163,82,active,1.725,2523.24375,126.16218750000002,84.108125,315.40546875
64,0,156,73,light,1.375,1683.0,84.15,56.099999999999994,210.375
39,1,186,88,active,1.725,3195.5625,159.77812500000002,106.51875,399.4453125
64,1,171,83,light,1.375,2177.65625,108.8828125,72.58854166666667,272.20703125
47,0,154,77,active,1.725,2305.4625,115.27312500000001,76.84875,288.1828125
60,1,151,86,moderate,1.55,2338.5625,116.92812500000001,77.95208333333333,292.3203125
34,1,176,56,very_active,1.9,2840.5,142.025,94.68333333333334,355.0625
43,0,170,53,active,1.725,2098.4625,104.92312500000001,69.94875,262.3078125
53,0,187,86,light,1.375,2203.78125,110.1890625,73.459375,275.47265625
18,1,164,50,light,1.375,1980.0,99.0,66.0,247.5
25,0,170,50,moderate,1.55,1978.575,98.92875000000001,65.9525,247.321875
52,1,159,96,light,1.375,2335.78125,116.7890625,77.859375,291.97265625
32,1,172,69,sedentary,1.2,1932.0,96.60000000000001,64.4,241.5
64,1,188,68,very_active,1.9,2926.0,146.3,97.53333333333333,365.75
39,1,154,78,active,1.725,2678.0625,133.90312500000002,89.26875,334.7578125
31,0,150,59,very_active,1.9,2301.85,115.0925,76.72833333333332,287.73125
43,0,162,67,moderate,1.55,2025.075,101.25375000000001,67.5025,253.134375
45,0,170,77,active,1.725,2495.2125,124.760625,83.17375,311.9015625
40,0,175,84,active,1.725,2712.99375,135.6496875,90.433125,339.12421875
31,1,199,92,sedentary,1.2,2416.5,120.825,80.55,302.0625
41,1,194,96,moderate,1.55,3057.375,152.86875,101.9125,382.171875
19,0,170,80,light,1.375,2208.9375,110.446875,73.63125,276.1171875
62,1,167,76,sedentary,1.2,1798.5,89.92500000000001,59.949999999999996,224.8125
43,1,186,60,sedentary,1.2,1863.0,93.15,62.099999999999994,232.875
31,1,194,98,very_active,1.9,3880.75,194.03750000000002,129.35833333333332,485.09375
24,0,181,98,very_active,1.9,3477.475,173.87375,115.91583333333331,434.684375
20,0,185,87,very_active,1.9,3353.975,167.69875000000002,111.79916666666665,419.246875
64,0,166,54,sedentary,1.2,1315.8,65.79,43.85999999999999,164.475
40,1,184,57,light,1.375,2096.875,104.84375,69.89583333333333,262.109375
63,0,198,83,active,1.725,2745.3375,137.266875,91.51125,343.1671875
60,0,160,97,very_active,1.9,2867.1,143.355,95.57,358.3875
64,0,170,61,light,1.375,1638.3125,81.915625,54.610416666666666,204.7890625
62,0,175,87,moderate,1.55,2313.7625000000003,115.68812500000001,77.12541666666668,289.22031250000003
35,0,153,50,very_active,1.9,2128.475,106.42375,70.94916666666666,266.059375
55,0,183,80,active,1.725,2600.86875,130.0434375,86.695625,325.10859375
52,1,197,53,moderate,1.55,2334.6875,116.734375,77.82291666666667,291.8359375
32,1,167,98,moderate,1.55,2896.5625,144.828125,96.55208333333333,362.0703125
42,0,189,94,active,1.725,3019.18125,150.95906250000002,100.639375,377.39765625
54,0,184,99,very_active,1.9,3247.1,162.35500000000002,108.23666666666665,405.8875
45,1,190,54,sedentary,1.2,1809.0,90.45,60.29999999999999,226.125
27,1,178,79,active,1.725,3057.5625,152.878125,101.91874999999999,382.1953125
56,0,178,73,active,1.725,2417.5875,120.87937500000001,80.58625,302.1984375
34,0,187,52,active,1.725,2342.11875,117.10593750000001,78.070625,292.76484375
56,0,191,60,moderate,1.55,2096.7625000000003,104.83812500000002,69.89208333333335,262.09531250000003
39,0,170,94,light,1.375,2263.9375,113.196875,75.46458333333334,282.9921875
43,1,191,53,sedentary,1.2,1816.5,90.825,60.54999999999999,227.0625
61,0,162,75,very_active,1.9,2463.35,123.1675,82.11166666666666,307.91875
42,0,198,76,very_active,1.9,3090.35,154.5175,103.01166666666666,386.29375
34,0,190,95,light,1.375,2483.9375,124.196875,82.79791666666667,310.4921875
30,0,166,92,active,1.725,2840.2125,142.010625,94.67375,355.0265625
37,1,158,76,sedentary,1.2,1881.0,94.05000000000001,62.699999999999996,235.125
42,1,190,91,very_active,1.9,3595.75,179.78750000000002,119.85833333333332,449.46875
21,1,150,99,very_active,1.9,3472.25,173.6125,115.74166666666666,434.03125
27,0,151,55,active,1.725,2066.11875,103.30593750000001,68.870625,258.26484375
20,0,197,64,light,1.375,2214.09375,110.7046875,73.803125,276.76171875
58,1,178,79,sedentary,1.2,1941.0,97.05000000000001,64.69999999999999,242.625
62,0,182,91,light,1.375,2167.6875,108.384375,72.25625,270.9609375
35,0,159,86,light,1.375,2086.90625,104.3453125,69.56354166666667,260.86328125
64,1,199,86,sedentary,1.2,2146.5,107.325,71.55,268.3125
53,1,189,91,sedentary,1.2,2197.5,109.875,73.25,274.6875
64,1,170,86,very_active,1.9,3054.25,152.7125,101.80833333333334,381.78125
39,1,177,84,very_active,1.9,3336.875,166.84375,111.22916666666667,417.109375
51,0,160,72,sedentary,1.2,1564.8,78.24000000000001,52.16,195.6
64,0,183,55,moderate,1.55,1879.7625,93.98812500000001,62.658750000000005,234.9703125
25,1,157,53,very_active,1.9,2643.375,132.16875000000002,88.1125,330.421875
57,0,171,67,moderate,1.55,2003.7625,100.18812500000001,66.79208333333332,250.4703125
61,1,157,58,sedentary,1.2,1513.5,75.675,50.45,189.1875
36,1,198,98,very_active,1.9,3880.75,194.03750000000002,129.35833333333332,485.09375
59,0,164,78,light,1.375,1854.875,92.74375,61.829166666666666,231.859375
58,1,166,62,sedentary,1.2,1647.0,82.35000000000001,54.9,205.875
54,0,172,96,active,1.725,2766.9,138.345,92.23,345.8625
23,0,173,66,moderate,1.55,2271.1375000000003,113.55687500000002,75.70458333333335,283.89218750000003
43,0,194,94,sedentary,1.2,2131.7999999999997,106.58999999999999,71.05999999999999,266.47499999999997
51,0,168,81,sedentary,1.2,1732.8,86.64,57.75999999999999,216.6
62,1,154,97,very_active,1.9,3092.25,154.6125,103.07499999999999,386.53125
23,0,181,71,very_active,1.9,2973.975,148.69875,99.1325,371.746875
54,1,193,53,very_active,1.9,2795.375,139.76875,93.17916666666666,349.421875
50,1,150,54,active,1.725,2126.0625,106.30312500000001,70.86875,265.7578125
39,1,172,86,very_active,1.9,3315.5,165.775,110.51666666666667,414.4375
38,1,186,90,sedentary,1.2,2253.0,112.65,75.1,281.625
23,0,157,98,very_active,1.9,3201.975,160.09875,106.7325,400.246875
23,0,162,62,light,1.375,1865.1875,93.259375,62.172916666666666,233.1484375
21,1,157,83,very_active,1.9,3251.375,162.56875000000002,108.37916666666666,406.421875
47,1,172,94,active,1.725,3079.125,153.95625,102.63749999999999,384.890625
28,0,192,71,light,1.375,2212.375,110.61875,73.74583333333334,276.546875
47,1,150,72,sedentary,1.2,1713.0,85.65,57.099999999999994,214.125
48,0,194,52,sedentary,1.2,1597.8,79.89,53.26,199.725
41,1,173,91,moderate,1.55,2776.4375,138.821875,92.54791666666667,347.0546875
26,0,184,83,light,1.375,2322.375,116.11875,77.4125,290.296875
20,1,173,81,moderate,1.55,2784.1875,139.209375,92.80625,348.0234375
48,1,166,94,light,1.375,2395.9375,119.796875,79.86458333333333,299.4921875
57,0,154,98,light,1.375,2057.6875,102.884375,68.58958333333334,257.2109375
54,1,169,70,active,1.725,2572.40625,128.6203125,85.74687499999999,321.55078125
53,1,170,95,moderate,1.55,2716.375,135.81875,90.54583333333333,339.546875
41,0,189,93,active,1.725,3010.55625,150.5278125,100.351875,376.31953125
48,1,180,70,light,1.375,2186.25,109.3125,72.875,273.28125
23,0,195,93,sedentary,1.2,2247.2999999999997,112.365,74.91,280.91249999999997
19,0,185,60,light,1.375,2062.84375,103.1421875,68.76145833333334,257.85546875
37,1,160,88,active,1.725,2932.5,146.625,97.75,366.5625
45,1,164,53,moderate,1.55,2069.25,103.4625,68.975,258.65625
28,1,168,50,moderate,1.55,2193.25,109.66250000000001,73.10833333333333,274.15625
21,1,156,77,active,1.725,2837.625,141.88125,94.5875,354.703125
32,1,177,73,moderate,1.55,2605.9375,130.296875,86.86458333333333,325.7421875
23,1,192,84,very_active,1.9,3667.0,183.35000000000002,122.23333333333332,458.375
47,1,154,62,sedentary,1.2,1623.0,81.15,54.099999999999994,202.875
55,0,154,96,sedentary,1.2,1783.8,89.19,59.46,222.975
19,1,179,83,sedentary,1.2,2230.5,111.525,74.35,278.8125
32,0,181,60,moderate,1.55,2185.8875000000003,109.29437500000002,72.86291666666666,273.23593750000003
28,1,157,85,moderate,1.55,2629.1875,131.459375,87.63958333333333,328.6484375
25,1,159,66,light,1.375,2108.90625,105.4453125,70.296875,263.61328125
43,0,187,84,light,1.375,2245.03125,112.2515625,74.834375,280.62890625
62,1,196,67,sedentary,1.2,1908.0,95.4,63.599999999999994,238.5
61,1,181,89,very_active,1.9,3270.375,163.51875,109.01249999999999,408.796875
22,0,197,71,light,1.375,2296.59375,114.8296875,76.553125,287.07421875
23,1,177,73,light,1.375,2373.59375,118.6796875,79.11979166666667,296.69921875
43,1,166,68,moderate,1.55,2336.625,116.83125000000001,77.88749999999999,292.078125
21,1,180,86,very_active,1.9,3581.5,179.07500000000002,119.38333333333334,447.6875
36,0,157,88,sedentary,1.2,1824.3,91.215,60.809999999999995,228.0375
37,1,189,70,light,1.375,2339.21875,116.9609375,77.97395833333333,292.40234375
50,1,174,57,very_active,1.9,2683.75,134.1875,89.45833333333333,335.46875
37,1,158,77,very_active,1.9,2997.25,149.8625,99.90833333333333,374.65625
29,1,151,54,sedentary,1.2,1612.5,80.625,53.75,201.5625
64,0,164,66,very_active,1.9,2287.6,114.38,76.25333333333333,285.95
18,0,199,86,very_active,1.9,3520.225,176.01125000000002,117.34083333333332,440.028125
43,1,152,85,very_active,1.9,3021.0,151.05,100.69999999999999,377.625
31,1,198,68,light,1.375,2430.3125,121.515625,81.01041666666667,303.7890625
55,0,185,76,sedentary,1.2,1776.3,88.815,59.21,222.0375
54,0,153,83,very_active,1.9,2574.975,128.74875,85.8325,321.871875
28,1,163,60,very_active,1.9,2819.125,140.95625,93.97083333333333,352.390625
53,0,190,94,light,1.375,2339.5625,116.978125,77.98541666666667,292.4453125
30,1,190,96,sedentary,1.2,2403.0,120.15,80.1,300.375
60,0,174,61,moderate,1.55,1916.575,95.82875000000001,63.88583333333333,239.571875
20,0,199,70,light,1.375,2313.78125,115.6890625,77.12604166666667,289.22265625
50,0,159,60,sedentary,1.2,1419.3,70.965,47.309999999999995,177.4125
23,0,170,88,very_active,1.9,3166.35,158.3175,105.545,395.79375
27,1,185,77,sedentary,1.2,2155.5,107.775,71.85,269.4375
22,0,161,54,sedentary,1.2,1530.3,76.515,51.01,191.2875
40,0,176,66,sedentary,1.2,1678.8,83.94,55.96,209.85
27,1,189,69,moderate,1.55,2698.9375,134.946875,89.96458333333334,337.3671875
61,0,151,90,sedentary,1.2,1653.3,82.665,55.10999999999999,206.6625
19,0,162,95,moderate,1.55,2645.0750000000003,132.25375000000003,88.16916666666667,330.63437500000003
